,gi,protein_accession,gene,sequence
gi|578830991|ref|XP_006721985.1|_PREDICTED:_neurofibromin_isoform_X1_[Homo_sapiens]_fragment_21,578830991,XP_006721985.1,NF1,SMVKLIHADPKLLLCNPRKQGPETQGSTAELITGLVQLVPQSHMPEIAQ
gi|4557493|ref|NP_001316.1|_cleavage_stimulation_factor_subunit_2_isoform_2_[Homo_sapiens]_fragment_17,4557493,NP_001316.1,CSTF2,GIDARGMEARAMEARGLDARGLEARAMEARAMEARAMEARAMEARAMEV
gi|4503977|ref|NP_003934.1|_starch-binding_domain-containing_protein_1_[Homo_sapiens]_fragment_7,4503977,NP_003934.1,STBD1,FAEKLPSSNLLKNRAKEEMSLSDLNSQDRVDHEEWEMVPRHSSWGDVGV
gi|302344752|ref|NP_001180564.1|_dehydrogenase/reductase_SDR_family_member_4-like_2_isoform_2_[Homo_sapiens]_fragment_1,302344752,NP_001180564.1,DHRS4L2,AQDRAHVVVSSRKQQNVDQAVATLQGEGLSVTGTVCHVGKAEDRERLVA
gi|767902853|ref|XP_011539187.1|_PREDICTED:_multiple_epidermal_growth_factor-like_domains_protein_6_isoform_X1_[Homo_sapiens]_fragment_4,767902853,XP_011539187.1,MEGF6,RNGRGSNRCWPHVCAEQELTLVGRRQPCVQALSHTVPVWKAGCGWQAWC
gi|768014235|ref|XP_011527626.1|_PREDICTED:_sialoadhesin_isoform_X1_[Homo_sapiens]_fragment_58,768014235,XP_011527626.1,SIGLEC1,HSLASGTGHVQVARNALRLQVQDVPAGDDTYVCTAQNLLGSISTIGRLQ
gi|87239981|ref|NP_003738.2|_tankyrase-1_[Homo_sapiens]_fragment_16,87239981,NP_003738.2,TNKS,VQLLLQHGADVHAKDKGGLVPLHNACSYGHYEVTELLLKHGACVNAMDL
gi|38158015|ref|NP_061187.2|_mastermind-like_protein_3_[Homo_sapiens]_fragment_40,38158015,NP_061187.2,MAML3,RSLQGMPGRTSGELGPFNNGASYPLQAGQPRLTKQHFPQGLSQSVVDAN
gi|625180307|ref|NP_001278744.1|_hemicentin-2_precursor_[Homo_sapiens]_fragment_78,625180307,NP_001278744.1,HMCN2,TCAATNLAGESKREVALKVLVPPNIEPGPVNKAVLENASVTLECLASGV
gi|767932037|ref|XP_011530305.1|_PREDICTED:_serine/threonine-protein_kinase_Nek1_isoform_X1_[Homo_sapiens]_fragment_21,767932037,XP_011530305.1,NEK1,KTLKRLKAVSKQANANRQKGQLAVERAKQVEEFLQRKREAMQNKARAEG
gi|767890442|ref|XP_011547613.1|_PREDICTED:_uncharacterized_protein_LOC105376341_[Homo_sapiens]_fragment_12,767890442,XP_011547613.1,LOC105376341,SCPGEAWMGAVLGSAGRRHLPCMCRTSSERMRPAGTLKDSAATHGRTPR
gi|546231611|ref|NP_001271189.1|_WD_repeat-containing_protein_86_isoform_1_[Homo_sapiens]_fragment_11,546231611,NP_001271189.1,WDR86,GEPTRVLWQRGQDRQVLAGRHRGVCAHVHGPQTQRERPQVPRGHLVHGQ
gi|768029112|ref|XP_011528933.1|_PREDICTED:_serine/arginine_repetitive_matrix_protein_2-like_isoform_X8_[Homo_sapiens]_fragment_19,768029112,XP_011528933.1,LOC101927859,EDAVQGVANEDAVHGVANEDAAQGVAKEVTAHGVANEDAVQGVVNEDAL
gi|578804652|ref|XP_006712717.1|_PREDICTED:_alsin_isoform_X1_[Homo_sapiens]_fragment_21,578804652,XP_006712717.1,ALS2,RTVVLTPTYSGEADALLPSLRTEVWTWGKGKEGQLGHGDVLPRLQPLCV
gi|767934764|ref|XP_011512469.1|_PREDICTED:_uncharacterized_protein_LOC101929895_isoform_X2_[Homo_sapiens]_fragment_2,767934764,XP_011512469.1,LOC101929895,RGVRVGPIREVQTSTRRGVRVGAVREVPTSTQRGGRVGAVREVPTSTQR
gi|767967902|ref|XP_011543226.1|_PREDICTED:_teneurin-4_isoform_X1_[Homo_sapiens]_fragment_29,767967902,XP_011543226.1,TENM4,VCVRGECHCSVGWGGTNCETPRATCLDQCSGHGTFLPDTGLCSCDPSWT
gi|154124879|ref|NP_085118.2|_kinesin-like_protein_KIF25_isoform_1_[Homo_sapiens]_fragment_6,154124879,NP_085118.2,KIF25,VKREVVTAKDGRTEVALLASEAVGSASKLMELVHGGLQLRAKHPTLVHA
gi|537544568|ref|NP_001269281.1|_A_disintegrin_and_metalloproteinase_with_thrombospondin_motifs_10_isoform_2_[Homo_sapiens]_fragment_16,537544568,NP_001269281.1,ADAMTS10,RSCDAGVRSRSVVCQRRVSAAEEKALDDSACPQPRPPVLEACHGPTCPP
gi|530421857|ref|XP_005262374.1|_PREDICTED:_mediator_of_RNA_polymerase_II_transcription_subunit_12_isoform_X1_[Homo_sapiens]_fragment_85,530421857,XP_005262374.1,MED12,VQAGVRSTAILPEQQQQQQQQQQQQQQQQQQQQQQQQQQYHIRQQQQQQ
gi|768022962|ref|XP_011544458.1|_PREDICTED:_LOW_QUALITY_PROTEIN:_uncharacterized_protein_LOC100996415_isoform_X4_[Homo_sapiens]_fragment_7,768022962,XP_011544458.1,LOC100996415,EDAAHGIASEDAAQGIANEVAAQGIANEDAAQGIANEDAAQGIAKEDAA
gi|544583465|ref|NP_001269810.1|_regulating_synaptic_membrane_exocytosis_protein_2_isoform_c_[Homo_sapiens]_fragment_30,544583465,NP_001269810.1,RIMS2,SPYMPRRQLHGESPTRRLQRSKRISDSEVSDYDCDDGIGVVSDYRHDGR
gi|767990697|ref|XP_011521688.1|_PREDICTED:_zinc_finger_protein_469_isoform_X1_[Homo_sapiens]_fragment_162,767990697,XP_011521688.1,ZNF469,DRLGKAFPQGRPLLRPPKRGTAVHGAEPAEPHTHRTAEAQSDLLSQLFG
gi|145701009|ref|NP_536800.2|_acetylcholinesterase_collagenic_tail_peptide_isoform_III_precursor_[Homo_sapiens]_fragment_14,145701009,NP_536800.2,COLQ,QHGTCGDGLLQPGEECDDGNSDVGDDCIRCHRAYCGDGHRHEGVEDCDG
gi|188536114|ref|NP_001120932.1|_PAB-dependent_poly(A)-specific_ribonuclease_subunit_PAN2_isoform_1_[Homo_sapiens]_fragment_40,188536114,NP_001120932.1,PAN2,IPLMLNEMPQIGDLVGLDAEFVTLNEEEAELRSDGTKSTIKPSQMSVAR
gi|768026954|ref|XP_011528926.1|_PREDICTED:_uncharacterized_protein_LOC101927859_isoform_X1_[Homo_sapiens]_fragment_33,768026954,XP_011528926.1,LOC101927859,AAHGIANEDAAQGIAHEDAVQGIANEDAVHGVAKEVAAHGVANEDAAHA
gi|119392086|ref|NP_002172.2|_indian_hedgehog_protein_precursor_[Homo_sapiens]_fragment_15,119392086,NP_002172.2,IHH,FWPLRLFHSLAWGSWTPGEGVHWYPQLLYRLGRLLLEEGSFHPLGMSGA
gi|545479119|ref|NP_001269925.1|_zinc_finger_protein_133_isoform_b_[Homo_sapiens]_fragment_13,545479119,NP_001269925.1,ZNF133,KPYMCSECGRGFSQKSNLIIHQRTHSGEKPYVCRECGKGFSQKSAVVRH
gi|282165804|ref|NP_001163886.1|_tight_junction_protein_ZO-2_isoform_4_[Homo_sapiens]_fragment_7,282165804,NP_001163886.1,TJP2,GGRSRSWEDSPERGRPHERARSRERDLSRDRSRGRSLERGLDQDHARTR
gi|767902654|ref|XP_011539108.1|_PREDICTED:_coiled-coil_domain-containing_protein_17_isoform_X1_[Homo_sapiens]_fragment_5,767902654,XP_011539108.1,CCDC17,ARPQSPMSEAVGSPSERLRALFRTRARRVAEMEAQSRALQLRGEGEGDG
"gi|767900915|ref|XP_011507248.1|_PREDICTED:_COPII_coat_assembly_protein_SEC16-like,_partial_[Homo_sapiens]_fragment_2",767900915,XP_011507248.1,LOC105369275,AQAIAKQDAAHGITNEDAVQGVANEVAAQGVANEDAAHGVANEVAAHGV
gi|257471027|ref|NP_060876.5|_mucin-4_isoform_a_precursor_[Homo_sapiens]_fragment_45,257471027,NP_060876.5,MUC4,ASTGDTTPLPVTDTSSASTGHATSLPVTDTSSVSTGHTTPLPVTDTSSA
gi|767918358|ref|XP_011509573.1|_PREDICTED:_anoctamin-7_isoform_X16_[Homo_sapiens]_fragment_9,767918358,XP_011509573.1,ANO7,LEVVPDVPPEYYSCRFRVNKLPRFLQTFCTVHMPTASSGVTTRTPSSQA
gi|118572613|ref|NP_057417.3|_serine/arginine_repetitive_matrix_protein_2_[Homo_sapiens]_fragment_108,118572613,NP_057417.3,SRRM2,GRPPEPTPAKRKRRSSSSSSSSSSSSSSSSSSSSSSSSSSSSSSSSSSS
gi|768026618|ref|XP_011528860.1|_PREDICTED:_DEP_domain-containing_protein_5_isoform_X5_[Homo_sapiens]_fragment_44,768026618,XP_011528860.1,DEPDC5,QQAAVHGGKSSAQSAESSSVAMTPTYMDSPRKVSVDQTATPMLDGTSLG
gi|768016907|ref|XP_011527069.1|_PREDICTED:_calcium-responsive_transactivator_isoform_X3_[Homo_sapiens]_fragment_4,768016907,XP_011527069.1,SS18L1,GSSQGLHSQGSLSDAISTGLPPSSLLQGQIGNGPSHVSMQQTAPNTLPT
gi|768041712|ref|XP_011544559.1|_PREDICTED:_uncharacterized_protein_LOC105369189_[Homo_sapiens]_fragment_14,768041712,XP_011544559.1,LOC105369189,HGIASEDAAQGIASEDAAQGIASEDAAQGIANEDAAQGIAKEDAAQGIA
gi|611434989|ref|NP_001254465.2|_putative_golgin_subfamily_A_member_6-like_protein_4_[Homo_sapiens]_fragment_13,611434989,NP_001254465.2,GOLGA6L4,LCEQEKLPGQERLLEEVEKLLEQERRQEEQERLLERERLLEEVEKLLEQ
gi|767903839|ref|XP_011539578.1|_PREDICTED:_uncharacterized_protein_C1orf167_isoform_X5_[Homo_sapiens]_fragment_56,767903839,XP_011539578.1,C1orf167,RGSQQARCLAVAWQHWVDAQGAEQLVRTLLREWHLRWAWQTWWQRILRL
gi|767911020|ref|XP_011508498.1|_PREDICTED:_centrosome-associated_protein_350_isoform_X5_[Homo_sapiens]_fragment_27,767911020,XP_011508498.1,CEP350,LLEEPSHQHVTQETQAKPGYQPSGESDKENKVQERPPSASSSSDMSLSE
gi|767906852|ref|XP_011540770.1|_PREDICTED:_rootletin_isoform_X1_[Homo_sapiens]_fragment_81,767906852,XP_011540770.1,CROCC,LEVDAQQQQLELQQEVERLRSAQAQTERTLEARERAHRQRVRGLEEQVS
gi|209862793|ref|NP_001129476.1|_protein-methionine_sulfoxide_oxidase_MICAL3_isoform_2_[Homo_sapiens]_fragment_40,209862793,NP_001129476.1,MICAL3,SGKEAKGPLQDGATTDANGRANAVASSTERTPGSLTSLFGWVARHSLGL
gi|768026954|ref|XP_011528926.1|_PREDICTED:_uncharacterized_protein_LOC101927859_isoform_X1_[Homo_sapiens]_fragment_58,768026954,XP_011528926.1,LOC101927859,VVANEDAAQAIAKPDSAHGIANEVAAQGIANEVAVHSIAIEDTTPSRAW
"gi|38327625|ref|NP_004068.2|_citrate_synthase,_mitochondrial_precursor_[Homo_sapiens]_fragment_11",38327625,NP_004068.2,CS,HEGGNVSAHTSHLVGSALSDPYLSFAAAMNGLAGPLHGLANQEVLVWLT
gi|767980093|ref|XP_011534884.1|_PREDICTED:_nesprin-2_isoform_X10_[Homo_sapiens]_fragment_173,767980093,XP_011534884.1,SYNE2,DRASSSSGTIVQGTTPPIEADTLDSSDAQGGLEPRVEKTRPEPTEVLHA
"gi|38327625|ref|NP_004068.2|_citrate_synthase,_mitochondrial_precursor_[Homo_sapiens]_fragment_15",38327625,NP_004068.2,CS,REFALKHLPNDPMFKLVAQLYKIVPNVLLEQGKAKNPWPNVDAHSGVLL
gi|767893572|ref|XP_011506677.1|_PREDICTED:_uncharacterized_protein_LOC105369914_[Homo_sapiens]_fragment_7,767893572,XP_011506677.1,LOC105369914,REGQADLGSQNRSLGSDAPDAHPFSSEDRGGTDLRRQRRAAAKRRGRVG
gi|767884137|ref|XP_011545683.1|_PREDICTED:_LOW_QUALITY_PROTEIN:_eukaryotic_translation_initiation_factor_3_subunit_A-like_isoform_X1_[Homo_sapiens]_fragment_2,767884137,XP_011545683.1,LOC101929895,RGVRVGPIREVQTSTRRGVRVGPVREVPTSTRRGVRVGAVREVPTSTQR
gi|544346304|ref|NP_001269696.1|_sickle_tail_protein_homolog_isoform_4_[Homo_sapiens]_fragment_1,544346304,NP_001269696.1,KIAA1217,QGKGNLHVTSPEDAECRRTKERLSNGNSRGSVSKSSRNIPRRHTLGGPR
gi|767930224|ref|XP_011511950.1|_PREDICTED:_LIM_and_calponin_homology_domains-containing_protein_1_isoform_X11_[Homo_sapiens]_fragment_30,767930224,XP_011511950.1,LIMCH1,QRKLDDSRKDDMMARRTGMSLRHTGSNPNQFLPVPFAKQQDVEESSKGL
gi|768002386|ref|XP_011526305.1|_PREDICTED:_long-chain_fatty_acid_transport_protein_1_isoform_X1_[Homo_sapiens]_fragment_21,768002386,XP_011526305.1,SLC27A1,RDRSGDTFRWRGENVSTTEVEGVLSRLLGQTDVAVYGVAVPGVEGKAGM
gi|208022661|ref|NP_001032895.2|_nck-associated_protein_5-like_[Homo_sapiens]_fragment_29,208022661,NP_001032895.2,NCKAP5L,GPGKSGESAGDMVPSIHRPLEQLEAKGGIRGAVALGTNSLKQQEPGLMG
gi|38570149|ref|NP_056506.2|_protein_WWC3_[Homo_sapiens]_fragment_12,38570149,NP_056506.2,WWC3,AQRRSAGDVARLEEERERLEEELRRARATSAQGATERILLQEKRNCLLM
gi|767977238|ref|XP_011533209.1|_PREDICTED:_Krueppel-like_factor_12_isoform_X2_[Homo_sapiens]_fragment_9,767977238,XP_011533209.1,KLF12,GNVNNTIVVPLLEDGRGHGKAQMDPRGLSPRQSKSDSDDDDLPNVTLDS
gi|767900795|ref|XP_011507213.1|_PREDICTED:_circumsporozoite_protein-like_[Homo_sapiens]_fragment_6,767900795,XP_011507213.1,LOC102725091,GPVQVRGNACVDINGAGGSVQVRGNACVDINGNGGSVQVRGNACVDVNG
"gi|768041904|ref|XP_011543964.1|_PREDICTED:_putative_uncharacterized_protein_DDB_G0271982,_partial_[Homo_sapiens]_fragment_0",768041904,XP_011543964.1,LOC105379423,RERERERERDRERQRETERKKERERERDRQKWTERETDRQGGRDGDRQR
gi|38158015|ref|NP_061187.2|_mastermind-like_protein_3_[Homo_sapiens]_fragment_19,38158015,NP_061187.2,MAML3,VPSSDMSPAEQLKQMAAQQQQRAKLMQQKQQQQQQQQQQQQQQQQQQQQ
gi|768026962|ref|XP_011528928.1|_PREDICTED:_uncharacterized_protein_LOC101927859_isoform_X3_[Homo_sapiens]_fragment_44,768026962,XP_011528928.1,LOC101927859,HGVAIEDAVQGVANEDAVHGVANEDAAQGVAKEVTAHGVANEDAVQGVV
gi|28872814|ref|NP_060363.2|_semaphorin-4G_isoform_1_precursor_[Homo_sapiens]_fragment_24,28872814,NP_060363.2,SEMA4G,RSVLRGDDVLLPCDQPSNLARALWLLNGSMGLSDGQGGYRVGVDGLLVT
gi|13569940|ref|NP_112228.1|_keratin-associated_protein_1-3_[Homo_sapiens]_fragment_3,13569940,NP_112228.1,KRTAP1-3,PSCCQTSSCGTGCGIGGGIGYGQEGSSGAVSTRIRWCRPDCRVEGTCLP
gi|768020879|ref|XP_011527895.1|_PREDICTED:_pericentrin_isoform_X1_[Homo_sapiens]_fragment_10,768020879,XP_011527895.1,PCNT,ECEQECELAITDLESGREDEAGLHQSQAVHGLELEALRLSLSNMHTAQL
gi|557786174|ref|NP_001273588.1|_TBC1_domain_family_member_4_isoform_3_[Homo_sapiens]_fragment_27,557786174,NP_001273588.1,TBC1D4,STKRKLNLQDGRAQGVRSPLLRQSSSEQCSDGEGRKRTSSTCSNESLSV
gi|94536793|ref|NP_078962.4|_tubulin_polyglutamylase_TTLL7_[Homo_sapiens]_fragment_24,94536793,NP_078962.4,TTLL7,KQVTYNLKPSNHYKLIQQPSSIRRSVSCPRSISAQSPSSGDTRPFSAQQ
gi|625180307|ref|NP_001278744.1|_hemicentin-2_precursor_[Homo_sapiens]_fragment_208,625180307,NP_001278744.1,HMCN2,GVRAHHDVARLTAFSEVGVPANRTELSMLEPDPRSPFALRPLRAGLGAV
gi|154759273|ref|NP_689975.2|_testis-specific_protein_10-interacting_protein_[Homo_sapiens]_fragment_6,154759273,NP_689975.2,TSGA10IP,QSRRKSTANLPEAHGCCWKTEAQNLKARQQLGAWGGVSIPTGKGELGSE
gi|767981843|ref|XP_011535592.1|_PREDICTED:_papilin_isoform_X1_[Homo_sapiens]_fragment_18,767981843,XP_011535592.1,PAPLN,GECSVSCGVGVRKRSVTCRGERGSLLHTAACSLEDRPPLTEPCVHEDCP
gi|340138932|ref|NP_061160.3|_apolipoprotein_B_receptor_[Homo_sapiens]_fragment_9,340138932,NP_061160.3,APOBR,AAGDNREMEQGVREADAGETEEPGAEGAGKGEEVVVVEKACESTRAWGT
gi|55741709|ref|NP_067062.1|_RNA-binding_protein_25_[Homo_sapiens]_fragment_13,55741709,NP_067062.1,RBM25,ERERERERERREREREREREREREKEKERERERERDRDRDRTKERDRDR
gi|530370619|ref|XP_005246744.1|_PREDICTED:_mitochondrial_fission_factor_isoform_X10_[Homo_sapiens]_fragment_6,530370619,XP_005246744.1,MFF,RAVGRLKRERSMSENAVRQNGQLVRNDSLPVLRGGSAAATSNPHHDNVR
gi|768033386|ref|XP_011542265.1|_PREDICTED:_lysine-specific_demethylase_6A_isoform_X7_[Homo_sapiens]_fragment_49,768033386,XP_011542265.1,KDM6A,PEGYWGVLNDFCEKNNLNFLMGSWWPNLEDLYEANVPVYRFIQRPGDLV
gi|578819196|ref|XP_006717802.1|_PREDICTED:_transcription_factor_COE3_isoform_X1_[Homo_sapiens]_fragment_18,578819196,XP_006717802.1,EBF3,GMMGVNSFSSQLAVNVSETSQANDQVGYSRNTSSVSPRGYVPSSTPQQS
gi|767904450|ref|XP_011539812.1|_PREDICTED:_arginine-glutamic_acid_dipeptide_repeats_protein_isoform_X2_[Homo_sapiens]_fragment_47,767904450,XP_011539812.1,RERE,KREAEQKAREEREREKEKEKEREREREREREAERAAKASSSAHEGRLSD
gi|93277115|ref|NP_699171.3|_ataxin-7-like_protein_2_[Homo_sapiens]_fragment_23,93277115,NP_699171.3,ATXN7L2,ASKSSKGKDGVEVEAPSRKRKLSPGPTTLKRTCILEPTGKGKPSGCRGL
gi|16507950|ref|NP_055281.2|_tektin-2_[Homo_sapiens]_fragment_1,16507950,NP_055281.2,TEKT2,STNAQLQRDASHQIRQEARVLRNETNNQTIWDEHDNRTRLVERIDTVNR
gi|296939602|ref|NP_061852.3|_serine/threonine-protein_kinase_WNK1_isoform_1_[Homo_sapiens]_fragment_44,296939602,NP_061852.3,WNK1,QATQPTTLASSVDSAHSDVASGMSDGNENVPSSSGRHEGRTTKRHYRKS
gi|32967601|ref|NP_066267.2|_ankyrin-3_isoform_1_[Homo_sapiens]_fragment_22,32967601,NP_066267.2,ANK3,TTSGYTPLHLSAREGHEDVAAFLLDHGASLSITTKKGFTPLHVAAKYGK
gi|27436946|ref|NP_733821.1|_lamin_isoform_A_[Homo_sapiens]_fragment_21,27436946,NP_733821.1,LMNA,THSPPTDLVWKAQNTWGCGNSLRTALINSTGEEVAMRKLVRSVTVVEDD
gi|530377941|ref|XP_005263174.1|_PREDICTED:_BMP-2-inducible_protein_kinase_isoform_X1_[Homo_sapiens]_fragment_18,530377941,XP_005263174.1,BMP2K,QQHRVLQQLQQGDWRLQQLHLQHRHPHQQQQQQQQQQQQQQQQQQQQQQ
gi|767905449|ref|XP_011540201.1|_PREDICTED:_amiloride-sensitive_sodium_channel_subunit_delta_isoform_X1_[Homo_sapiens]_fragment_30,767905449,XP_011540201.1,SCNN1D,TGTSRWPSAKSAGWTLATLGEQGLPHQSHRQRSSLAKINIVYQELNYRS
gi|768022786|ref|XP_011544430.1|_PREDICTED:_cat_eye_syndrome_critical_region_protein_2_isoform_X1_[Homo_sapiens]_fragment_13,768022786,XP_011544430.1,CECR2,LLAVQKKEQEQMLKEERKRELEEKVKAVEDRAKRRKLREERAWLLAQGK
gi|31543179|ref|NP_076937.2|_uncharacterized_protein_C17orf53_isoform_1_[Homo_sapiens]_fragment_4,31543179,NP_076937.2,C17orf53,GAAPLRPVSTSSSWIGNQRRVTVTEVLRETARPQSSALHPLLTFESQQQ
gi|530360573|ref|XP_005263521.1|_PREDICTED:_arginine-glutamic_acid_dipeptide_repeats_protein_isoform_X1_[Homo_sapiens]_fragment_14,530360573,XP_005263521.1,RERE,MAAFAGMCDGGSTEDGCVAASRDDTTLNALNTLHESGYDAGKALQRLVK
gi|768026962|ref|XP_011528928.1|_PREDICTED:_uncharacterized_protein_LOC101927859_isoform_X3_[Homo_sapiens]_fragment_41,768026962,XP_011528928.1,LOC101927859,QGIANEDAVHGVAKEVAAHGVANEDAAHAIAKPDAAHGIANEVATQGIA
gi|350529351|ref|NP_115582.4|_protein_NLRC5_[Homo_sapiens]_fragment_24,350529351,NP_115582.4,NLRC5,LSHLAQGNEDCVGAKQAAVVQVLKKLATRKLTGPKVVELCHCVDETQEP
gi|807201178|ref|NP_001293138.1|_cleavage_stimulation_factor_subunit_2_isoform_3_[Homo_sapiens]_fragment_16,807201178,NP_001293138.1,CSTF2,RGGRDPRGIDARGMEARAMEARGLDARGLEARAMEARAMEARAMEARAM
gi|281427272|ref|NP_001163873.1|_cell_division_cycle_protein_20_homolog_B_isoform_3_[Homo_sapiens]_fragment_13,281427272,NP_001163873.1,CDC20B,GHLSVVGALSWNHFILSSGSRLGRVYHHDVRVAQHHVGTLRHKQAVCAL
gi|530372543|ref|XP_005265230.1|_PREDICTED:_NK-tumor_recognition_protein_isoform_X1_[Homo_sapiens]_fragment_15,530372543,XP_005265230.1,NKTR,TPPHWKEEMQRLRAYRPPSGEKWSKGDKLSDPCSSRWDERSLSQRSRSW
gi|93102371|ref|NP_060783.3|_protein_polybromo-1_[Homo_sapiens]_fragment_13,93102371,NP_060783.3,PBRM1,PSHSKGSLGEERNPTSKYYRNKRAVQGGRLSAITMALQYGSESEEDAAL
gi|767929314|ref|XP_011511841.1|_PREDICTED:_lateral_signaling_target_protein_2_homolog_isoform_X3_[Homo_sapiens]_fragment_38,767929314,XP_011511841.1,ZFYVE28,GCCRASHREGTASVNRSLQQPWCRTWTPHRVQPPEGHNPWQLGLGSPHP
gi|768007560|ref|XP_011524959.1|_PREDICTED:_signal-induced_proliferation-associated_1-like_protein_3_isoform_X1_[Homo_sapiens]_fragment_41,768007560,XP_011524959.1,SIPA1L3,GTVAEVEDYGFAWQAGLRQGSRLVEICKVAVVTLTHDQMIDLLRTSVTV
gi|768009558|ref|XP_011525329.1|_PREDICTED:_urokinase_plasminogen_activator_surface_receptor_isoform_X1_[Homo_sapiens]_fragment_8,768009558,XP_011525329.1,PLAUR,MNQCLVATGTHEPKNQSYMVRGCATASMCQHAHLGDAFSMNHIDVSCCT
gi|530402186|ref|XP_005266358.1|_PREDICTED:_zinc_finger_CCCH_domain-containing_protein_13_isoform_X2_[Homo_sapiens]_fragment_32,530402186,XP_005266358.1,ZC3H13,RERDREKEREREREERERERERERERERERERERERARERDKERERQRD
gi|767930224|ref|XP_011511950.1|_PREDICTED:_LIM_and_calponin_homology_domains-containing_protein_1_isoform_X11_[Homo_sapiens]_fragment_29,767930224,XP_011511950.1,LIMCH1,EASGTEEKLEKMTAPAWSGSGLKGQRKLDDSRKDDMMARRTGMSLRHTG
gi|4557894|ref|NP_000230.1|_lysozyme_C_precursor_[Homo_sapiens]_fragment_4,4557894,NP_000230.1,LYZ,LSCSALLQDNIADAVACAKRVVRDPQGIRAWVAWRNRCQNRDVRQYVQG
gi|767913327|ref|XP_011508688.1|_PREDICTED:_protein_TSSC1_isoform_X4_[Homo_sapiens]_fragment_9,767913327,XP_011508688.1,TSSC1,SCGDDCKVKFWDTRNVTEPVKTLEEHSHWVWNVRYNHSHDQLVLTGSSD
gi|768004656|ref|XP_011526718.1|_PREDICTED:_R3H_domain-containing_protein_4_isoform_X1_[Homo_sapiens]_fragment_3,768004656,XP_011526718.1,R3HDM4,LENTQYLLTLLETDGGLPGLEDGDLAPPASPGIFAEACNNATYVEVWND
gi|42741679|ref|NP_036595.2|_V-type_proton_ATPase_116_kDa_subunit_a_isoform_2_[Homo_sapiens]_fragment_28,42741679,NP_036595.2,ATP6V0A2,WLHNGRSCFGVNRSGYTLIRKDSEEEVSLLGSQDIEEGNHQVEDGCREM
gi|767974690|ref|XP_011536810.1|_PREDICTED:_PCNA-interacting_partner_isoform_X3_[Homo_sapiens]_fragment_9,767974690,XP_011536810.1,PARPBP,GQNSRDPFCKAIEEVAQDLDLRIKNIINSQEGVVALSTTDISPARPKSH
gi|530395829|ref|XP_005253204.1|_PREDICTED:_ras_association_domain-containing_protein_7_isoform_X1_[Homo_sapiens]_fragment_12,530395829,XP_005253204.1,RASSF7,QLAAEAPGPPSPMASATERLHQDLAVQERQSAEVQGSLALVSRALEAAE
gi|29570771|ref|NP_808808.1|_transmembrane_prolyl_4-hydroxylase_isoform_a_[Homo_sapiens]_fragment_19,29570771,NP_808808.1,P4HTM,ANNWINVDPSRARQALFQQEMARLAREGGTDSQPEWALDRAYRDARVEL
gi|312147315|ref|NP_001185879.1|_unconventional_myosin-XVI_isoform_1_[Homo_sapiens]_fragment_52,312147315,NP_001185879.1,MYO16,LEVRNMQEEGSKRTDDKSGPRHFHPSSMSVCAAVDGLGQCLVGPSIWSP
